doc_id,title,content,author,department,created_date,category,priority
DOC001,"Employee Handbook 2024","The employee handbook contains policies on workplace conduct, benefits, vacation time, and performance reviews. All employees must read and acknowledge understanding of these policies. The handbook is updated annually and includes information about our company culture, values, and expectations.","HR Department","Human Resources","2024-01-15","Policy","High"
DOC002,"Q4 Sales Report","Q4 2023 sales performance exceeded expectations with a 15% increase over Q3. Top performing regions were North America and Europe. Key drivers included new product launches and improved customer retention strategies. Recommendations for Q1 2024 include expanding marketing efforts in Asia-Pacific.","Sarah Johnson","Sales","2024-01-03","Report","Medium"
DOC003,"IT Security Guidelines","All employees must follow IT security protocols including strong password requirements, multi-factor authentication, and proper handling of sensitive data. Regular security training is mandatory. Report any suspicious activities to the IT security team immediately.","IT Security Team","Information Technology","2024-01-20","Security","High"
DOC004,"Project Alpha Status Update","Project Alpha is 75% complete and on track for March 2024 delivery. Current phase focuses on user acceptance testing and bug fixes. Team has identified three critical issues that need resolution before go-live. Budget remains within approved limits.","Mike Chen","Engineering","2024-02-01","Project","Medium"
DOC005,"Marketing Campaign Analysis","The recent digital marketing campaign generated 25,000 leads with a 3.2% conversion rate. Social media engagement increased by 40% during the campaign period. Recommendations include increasing budget for high-performing channels and optimizing landing pages.","Lisa Rodriguez","Marketing","2024-02-05","Analysis","Low"
DOC006,"Compliance Training Requirements","All staff in financial roles must complete SOX compliance training by March 31, 2024. Training covers financial reporting requirements, internal controls, and audit procedures. Failure to complete training may result in disciplinary action.","Compliance Team","Legal","2024-02-10","Training","High"
DOC007,"Office Relocation Plan","The downtown office will relocate to the new facility in June 2024. Moving schedule, equipment transfers, and employee parking assignments have been finalized. Temporary remote work options are available during the transition period.","Facilities Team","Operations","2024-02-15","Planning","Medium"
DOC008,"Customer Feedback Summary","Customer satisfaction scores improved 8% this quarter. Primary concerns relate to response times and product documentation. Action items include implementing new ticketing system and expanding knowledge base articles.","Customer Success","Customer Service","2024-02-20","Feedback","Medium"
DOC009,"Budget Planning Guidelines","FY2025 budget planning process begins in March. Department heads must submit preliminary budgets by April 15. Guidelines include cost reduction targets, investment priorities, and headcount planning considerations.","Finance Team","Finance","2024-02-25","Guidelines","High"
DOC010,"Emergency Response Procedures","Updated emergency procedures include evacuation routes, assembly points, and communication protocols. Emergency drills will be conducted quarterly. All employees must familiarize themselves with procedures for their work location.","Safety Committee","Safety","2024-03-01","Procedures","High"
DOC011,"Product Roadmap 2024","Product development roadmap includes three major releases planned for 2024. Key features focus on mobile optimization, API enhancements, and integration capabilities. Market research indicates strong demand for these improvements.","Product Team","Product","2024-03-05","Roadmap","Medium"
DOC012,"Vendor Management Policy","New vendor onboarding requires security assessment, contract review, and approval from procurement team. Existing vendor relationships will be reviewed annually for performance and compliance. Cost optimization opportunities should be identified.","Procurement Team","Procurement","2024-03-10","Policy","Medium"
DOC013,"Training and Development Plan","Professional development budget has been increased by 20% for 2024. Priority areas include technical skills, leadership development, and industry certifications. Employees should discuss training needs with managers during quarterly reviews.","Learning & Development","Human Resources","2024-03-15","Development","Low"
DOC014,"Data Backup and Recovery","Critical business data is backed up daily with monthly full system backups. Recovery time objective is 4 hours for priority systems. Disaster recovery testing is performed semi-annually. Backup retention policy maintains 7 years of historical data.","IT Operations","Information Technology","2024-03-20","Technical","High"
DOC015,"Quality Assurance Standards","Quality standards have been updated to align with ISO 9001:2015 requirements. All production processes must include quality checkpoints and documentation. Customer complaints must be investigated within 48 hours with corrective actions implemented.","Quality Team","Quality Assurance","2024-03-25","Standards","Medium"